,Member ID,Subscription Type,Mosaic Profile,NPS Score
0,1,Basic,t3,8
1,1,Premium,t3,8
2,2,Basic,j3,8
3,2,Pro,j3,8
4,3,Basic,a4,8
5,4,Basic,D5,9
6,5,Basic,V1,1
7,5,Premium,V1,1
8,6,Basic,B3,7
9,6,Pro,B3,7
10,7,Basic,f3,7
11,8,Basic,L5,4
12,8,Premium,L5,4
13,9,Basic,Q1,10
14,10,Basic,d5,1
15,11,Basic,V4,0
16,12,,o2,5
17,13,Basic,w2,4
18,14,Basic,m1,4
19,15,,c5,9
20,16,Pro,b4,3
21,17,Premium,S3,2
22,18,,T2,9
23,19,Basic,R2,0
24,19,Pro,R2,0
25,20,Basic,i5,4
26,21,Basic,D1,5
27,21,Premium,D1,5
28,22,Basic,f5,4
29,23,Basic,c2,1
30,24,,C5,8
31,25,Premium,j3,0
32,26,Basic,K2,3
33,27,Premium,N5,5
34,28,Basic,U5,6
35,28,Premium,U5,6
36,29,Basic,D2,9
37,30,Basic,j2,8
38,30,Premium,j2,8
39,31,Basic,E3,5
40,31,Pro,E3,5
41,32,Basic,v5,5
42,32,Premium,v5,5
43,33,Basic,P5,1
44,34,Basic,Q3,8
45,35,Basic,K1,8
46,36,,R3,7
47,37,,I4,6
48,38,Basic,u1,5
49,38,Pro,u1,5
50,39,Basic,X4,8
51,40,,e4,10
52,41,Basic,v1,0
53,41,Premium,v1,0
54,42,Basic,p4,3
55,43,Basic,a4,1
56,43,Premium,a4,1
57,44,,A2,8
58,45,,s2,9
59,46,Basic,n4,3
60,46,Pro,n4,3
61,47,Basic,J2,2
62,48,Basic,I2,1
63,49,Basic,L3,1
64,50,Basic,Q3,1
65,51,Basic,e5,4
66,52,Basic,J3,6
67,52,Premium,J3,6
68,53,,J4,9
69,54,Basic,d4,6
70,54,Premium,d4,6
71,55,Basic,P1,0
72,56,,i1,4
73,57,Basic,R5,10
74,58,Basic,N5,4
75,59,Basic,g2,5
76,60,Basic,s1,10
77,60,Premium,s1,10
78,61,,v2,9
79,62,Basic,x4,1
80,63,Basic,C1,3
81,64,,s4,6
82,65,,r4,3
83,66,Premium,P2,2
84,67,Basic,L2,5
85,68,Premium,z2,6
86,69,Basic,r3,8
87,70,Basic,b5,7
88,71,Premium,N1,7
89,72,Basic,L5,8
90,73,Basic,T3,5
91,74,Basic,A4,8
92,75,,h4,7
93,76,Basic,s4,6
94,77,Basic,b1,7
95,78,Basic,I1,5
96,78,Premium,I1,5
97,79,Basic,m2,10
98,80,Basic,U5,6
99,81,,s5,6
100,82,Basic,F4,4
101,83,Basic,p2,8
102,84,Basic,k1,5
103,84,Premium,k1,5
104,85,Basic,c5,5
105,86,Basic,F3,4
106,86,Premium,F3,4
107,86,Pro,F3,4
108,87,Basic,E3,8
109,88,,D5,3
110,89,Basic,B2,7
111,89,Premium,B2,7
112,89,Pro,B2,7
113,90,Basic,s4,2
114,91,Basic,m3,0
115,91,Pro,m3,0
116,92,,E5,2
117,93,Basic,X5,3
118,94,Basic,u5,7
119,95,Basic,A4,3
120,95,Premium,A4,3
121,96,Basic,I4,8
122,96,Pro,I4,8
123,97,Premium,o3,10
124,98,Basic,Q5,5
125,98,Premium,Q5,5
126,99,,Q5,10
127,100,Basic,G2,4
128,100,Premium,G2,4
129,101,,r2,2
130,102,Basic,J1,6
131,103,Basic,O1,10
132,103,Premium,O1,10
133,104,Basic,s1,1
134,105,Pro,b4,5
135,106,Basic,C4,1
136,107,Basic,b3,7
137,108,Basic,g2,10
138,108,Premium,g2,10
139,109,Basic,i2,8
140,109,Premium,i2,8
141,110,Basic,v5,4
142,111,Basic,m4,6
143,111,Pro,m4,6
144,112,,f5,4
145,113,Basic,X3,6
146,114,Basic,w1,0
147,114,Pro,w1,0
148,115,Basic,O2,4
149,115,Premium,O2,4
150,116,Pro,x1,9
151,117,Basic,d3,7
152,117,Pro,d3,7
153,118,,v4,3
154,119,,j3,2
155,120,Basic,Q5,4
156,120,Pro,Q5,4
157,121,Basic,Q1,3
158,122,Pro,j4,10
159,123,Basic,y1,9
160,124,Basic,r5,5
161,125,,p3,5
162,126,Premium,Q3,7
163,127,,q2,5
164,128,,A5,5
165,129,Basic,X2,2
166,129,Pro,X2,2
167,130,Basic,N2,9
168,131,Basic,D2,1
169,132,Basic,p4,1
170,132,Premium,p4,1
171,133,Premium,P4,3
172,134,Basic,C2,0
173,134,Premium,C2,0
174,135,Premium,S5,9
175,136,Premium,l5,1
176,136,Pro,l5,1
177,137,,i1,3
178,138,,M4,0
179,139,Basic,m3,10
180,140,Basic,c5,1
181,140,Pro,c5,1
182,141,Basic,G2,4
183,141,Premium,G2,4
184,142,Basic,Z2,7
185,143,Basic,B3,0
186,143,Premium,B3,0
187,144,,D4,1
188,145,,k3,0
189,146,Basic,N1,3
190,146,Premium,N1,3
191,146,Pro,N1,3
192,147,Basic,Z1,5
193,147,Premium,Z1,5
194,148,,P5,2
195,149,Basic,F3,7
196,150,Basic,o5,10
197,150,Premium,o5,10
198,151,,P5,2
199,152,Premium,a2,6
200,153,Basic,A1,1
201,154,Basic,z1,0
202,154,Premium,z1,0
203,155,Basic,t3,1
204,156,Basic,n5,0
205,156,Premium,n5,0
206,157,Basic,z4,8
207,158,Basic,d2,7
208,158,Premium,d2,7
209,159,,w1,5
210,160,Basic,p5,4
211,161,Basic,G1,9
212,162,Premium,h5,1
213,163,Basic,N4,5
214,164,Basic,H5,4
215,165,Pro,Y4,5
216,166,Basic,Y5,5
217,167,Basic,P5,8
218,168,Premium,J3,10
219,169,,O2,7
220,170,,X2,10
221,171,,T4,2
222,172,Basic,W2,4
223,172,Premium,W2,4
224,173,Premium,J3,10
225,174,Basic,F3,7
226,175,Basic,t5,10
227,176,Basic,f5,10
228,177,,I3,10
229,178,Premium,R3,1
230,179,,p2,0
231,180,,U5,10
232,181,Basic,S3,8
233,182,Basic,E4,4
234,183,Basic,s4,8
235,184,,q2,4
236,185,Basic,S4,7
237,186,Basic,d4,0
238,187,Basic,F2,2
239,187,Pro,F2,2
240,188,Basic,f5,10
241,189,,i2,0
242,190,Basic,J5,4
243,190,Premium,J5,4
244,191,Basic,H3,1
245,192,,E1,8
246,193,,C5,6
247,194,Basic,A5,1
248,194,Premium,A5,1
249,195,,e3,8
250,196,Basic,S5,6
251,197,Premium,A2,3
252,198,Premium,o2,8
253,199,Basic,Y4,3
254,200,Pro,d4,2
255,201,Basic,m1,9
256,202,Premium,V1,8
257,203,,u3,4
258,204,,Z1,7
259,205,Pro,m5,1
260,206,Basic,Y1,2
261,207,,Z1,9
262,208,,K4,9
263,209,,n1,6
264,210,Basic,G1,0
265,210,Premium,G1,0
266,211,,x4,6
267,212,,v1,8
268,213,Basic,z4,7
269,214,Basic,e4,6
270,214,Premium,e4,6
271,215,Basic,J3,4
272,216,Basic,C5,9
273,217,Premium,S1,9
274,218,Basic,f4,7
275,219,Basic,h4,7
276,220,Premium,j3,9
277,221,,L5,0
278,222,,H5,8
279,223,,U3,9
280,224,Basic,T4,4
281,224,Premium,T4,4
282,224,Pro,T4,4
283,225,,C2,2
284,226,,X5,0
285,227,Basic,X3,10
286,228,Basic,s5,10
287,228,Pro,s5,10
288,229,Basic,T5,1
289,229,Premium,T5,1
290,230,Basic,p2,3
291,231,Basic,N3,8
292,232,Premium,c1,6
293,233,Basic,W1,3
294,233,Premium,W1,3
295,234,Premium,E2,4
296,235,Basic,c1,6
297,236,,x1,3
298,237,Basic,H1,0
299,238,Basic,H1,2
300,239,Basic,P3,3
301,240,Basic,a1,7
302,240,Premium,a1,7
303,241,,Q4,9
304,242,,Z4,4
305,243,Basic,u1,6
306,244,Premium,O3,7
307,245,Basic,x5,4
308,246,Basic,x5,7
309,246,Premium,x5,7
310,247,Basic,x5,6
311,248,Basic,g4,0
312,248,Premium,g4,0
313,249,Basic,P2,3
314,250,Basic,o4,8
315,250,Premium,o4,8
316,251,,p4,5
317,252,Basic,V1,4
318,252,Premium,V1,4
319,253,Premium,h3,10
320,253,Pro,h3,10
321,254,Basic,n3,9
322,254,Pro,n3,9
323,255,Pro,b4,9
324,256,Basic,Z3,10
325,256,Premium,Z3,10
326,257,,A5,9
327,258,Premium,k2,6
328,259,Basic,B4,2
329,260,,H2,3
330,261,,e1,4
331,262,Basic,z2,3
332,263,Basic,X4,1
333,264,Premium,p4,8
334,265,Basic,n4,9
335,266,Basic,l4,0
336,266,Premium,l4,0
337,266,Pro,l4,0
338,267,,Q5,7
339,268,Basic,z2,5
340,269,,j4,0
341,270,Basic,L3,2
342,270,Premium,L3,2
343,271,Basic,i2,9
344,272,Premium,h4,10
345,273,Basic,o3,0
346,274,Basic,p5,0
347,275,Basic,R3,2
348,276,Premium,W4,3
349,277,Basic,u4,8
350,278,Basic,G2,7
351,279,Basic,o4,5
352,280,Basic,r2,4
353,281,Basic,K1,4
354,281,Premium,K1,4
355,281,Pro,K1,4
356,282,,A1,6
357,283,Basic,d4,2
358,283,Premium,d4,2
359,284,Premium,b4,5
360,285,Basic,k2,0
361,286,,K4,2
362,287,Basic,u1,1
363,288,,K1,2
364,289,Premium,W2,7
365,290,Premium,S1,2
366,291,Basic,y1,8
367,292,,R4,0
368,293,,P2,6
369,294,Basic,B1,6
370,294,Premium,B1,6
371,295,Basic,v4,5
372,296,Premium,j2,4
373,297,Basic,O1,2
374,297,Premium,O1,2
375,298,Basic,s4,8
376,299,,n3,0
377,300,Basic,S3,0
378,300,Premium,S3,0
379,301,Pro,s1,0
380,302,Basic,V3,5
381,303,,p1,2
382,304,Basic,w1,5
383,304,Premium,w1,5
384,305,Basic,R5,6
385,305,Premium,R5,6
386,306,,b4,3
387,307,,H4,8
388,308,Basic,r1,7
389,308,Premium,r1,7
390,309,Basic,Z1,1
391,310,Premium,j4,6
392,311,Basic,g2,4
393,312,Basic,S2,1
394,313,Basic,l5,6
395,314,Premium,q2,2
396,315,Basic,D2,8
397,316,Basic,n3,5
398,316,Premium,n3,5
399,317,,p1,10
400,318,Basic,w5,2
401,318,Premium,w5,2
402,319,Basic,F2,0
403,320,,G1,6
404,321,,K1,8
405,322,Basic,X2,10
406,323,Basic,C4,6
407,324,Premium,L1,1
408,325,,N4,1
409,326,Basic,h5,3
410,327,Basic,k1,7
411,327,Premium,k1,7
412,328,Basic,V5,7
413,328,Premium,V5,7
414,329,,g3,0
415,330,Basic,A2,4
416,330,Premium,A2,4
417,331,Basic,C3,3
418,331,Premium,C3,3
419,332,Basic,P1,9
420,332,Premium,P1,9
421,333,Basic,F3,5
422,334,Premium,j2,5
423,335,Basic,g5,5
424,336,,f5,8
425,337,,n4,7
426,338,Basic,D1,2
427,339,Basic,y2,3
428,340,,Y1,6
429,341,Basic,B2,4
430,342,Pro,V5,3
431,343,,b4,7
432,344,Pro,Y4,2
433,345,Basic,T5,5
434,345,Pro,T5,5
435,346,Basic,K4,0
436,346,Pro,K4,0
437,347,Basic,I3,9
438,347,Premium,I3,9
439,348,Basic,N4,4
440,348,Premium,N4,4
441,348,Pro,N4,4
442,349,Basic,e3,3
443,349,Premium,e3,3
444,350,Basic,g5,10
445,350,Premium,g5,10
446,351,,e3,9
447,352,Basic,v1,8
448,353,,Q2,2
449,354,Premium,g5,4
450,355,Basic,B3,8
451,356,Basic,I1,4
452,356,Premium,I1,4
453,357,Basic,z2,1
454,357,Pro,z2,1
455,358,Basic,E4,5
456,359,Basic,X5,5
457,360,Premium,L2,2
458,360,Pro,L2,2
459,361,Premium,o1,6
460,362,,R1,1
461,363,Basic,W3,2
462,364,Premium,P2,3
463,365,Basic,o5,5
464,365,Pro,o5,5
465,366,Basic,D1,0
466,367,Basic,u2,8
467,368,Basic,D4,8
468,369,,X5,4
469,370,,v1,1
470,371,,H2,4
471,372,Premium,b4,1
472,373,Basic,y1,4
473,374,Basic,j1,1
474,374,Premium,j1,1
475,375,,Q5,6
476,376,Basic,z5,10
477,376,Premium,z5,10
478,377,,L5,5
479,378,Basic,f5,3
480,379,,e1,10
481,380,Basic,G5,0
482,380,Premium,G5,0
483,381,Basic,O5,0
484,382,Basic,E3,4
485,383,Basic,p2,1
486,384,Basic,q5,1
487,385,Basic,F3,3
488,386,,o2,7
489,387,Premium,D4,8
490,388,Basic,c2,7
491,389,,a2,3
492,390,Premium,g5,7
493,391,,I4,4
494,392,Basic,O3,7
495,393,Basic,w2,10
496,394,Basic,E4,4
497,395,,d2,0
498,396,Premium,o5,2
499,397,Basic,K5,1
500,397,Premium,K5,1
501,398,,U4,2
502,399,Basic,Z1,1
503,399,Premium,Z1,1
504,399,Pro,Z1,1
505,400,Basic,v1,5
506,400,Premium,v1,5
507,401,Pro,N1,7
508,402,Basic,k3,5
509,402,Premium,k3,5
510,403,Basic,t4,5
511,403,Premium,t4,5
512,404,Basic,y3,8
513,404,Pro,y3,8
514,405,,n3,0
515,406,Basic,L5,0
516,407,Premium,g4,6
517,408,,O1,3
518,409,Basic,V1,4
519,409,Premium,V1,4
520,410,Basic,A4,6
521,411,Basic,X3,9
522,412,Basic,d3,0
523,413,Basic,E1,3
524,413,Premium,E1,3
525,414,Basic,H5,9
526,415,,l2,0
527,416,Basic,Q1,4
528,416,Pro,Q1,4
529,417,,i2,3
530,418,,V1,10
531,419,,N3,2
532,420,Basic,x1,10
533,421,Basic,F3,1
534,422,,X2,2
535,423,Basic,D5,0
536,423,Premium,D5,0
537,424,Basic,O1,6
538,424,Premium,O1,6
539,425,,b3,4
540,426,Basic,k5,5
541,427,Basic,o2,3
542,428,,p2,9
543,429,Basic,k4,3
544,430,Basic,s2,5
545,430,Premium,s2,5
546,431,Basic,l1,7
547,432,Premium,Q1,8
548,433,,y4,1
549,434,Basic,R3,0
550,435,Basic,n4,6
551,436,Basic,e4,0
552,436,Premium,e4,0
553,437,Basic,y4,5
554,437,Pro,y4,5
555,438,,l3,8
556,439,,s4,5
557,440,,S2,2
558,441,Basic,W1,3
559,442,,a3,4
560,443,Basic,P4,10
561,443,Pro,P4,10
562,444,Premium,P2,3
563,445,Basic,a1,10
564,446,Basic,P4,10
565,447,Basic,W4,10
566,447,Premium,W4,10
567,448,Basic,D2,5
568,449,Basic,e2,8
569,449,Premium,e2,8
570,449,Pro,e2,8
571,450,Basic,t2,2
572,450,Premium,t2,2
573,451,,I2,10
574,452,Basic,L3,3
575,453,Basic,p2,0
576,454,Basic,H1,6
577,454,Premium,H1,6
578,455,Basic,i1,0
579,456,Premium,x2,7
580,457,Premium,U5,10
581,458,Basic,Y2,4
582,458,Pro,Y2,4
583,459,Basic,j1,8
584,459,Pro,j1,8
585,460,Basic,u2,10
586,461,Basic,L5,7
587,462,Basic,c4,1
588,463,Basic,o1,7
589,464,Basic,X2,6
590,465,Basic,h5,9
591,466,,t1,3
592,467,,J2,3
593,468,,k5,1
594,469,,S3,9
595,470,Basic,a3,7
596,471,Basic,d3,1
597,472,Basic,w4,1
598,473,,U4,1
599,474,Basic,d5,4
600,474,Premium,d5,4
601,475,Basic,J1,5
602,476,Basic,b5,5
603,477,Basic,M4,4
604,478,,W2,9
605,479,Premium,e4,0
606,480,Basic,E1,7
607,481,Basic,c4,1
608,481,Pro,c4,1
609,482,,A2,2
610,483,Basic,M4,2
611,483,Premium,M4,2
612,484,,l2,1
613,485,Basic,A1,0
614,485,Premium,A1,0
615,486,Basic,Y2,9
616,487,Premium,z4,5
617,488,Basic,Q5,6
618,488,Premium,Q5,6
619,489,Basic,h1,7
620,489,Premium,h1,7
621,490,,h3,5
622,491,Basic,Q5,1
623,491,Premium,Q5,1
624,492,Basic,D4,10
625,493,Basic,G1,9
626,494,Basic,C3,6
627,494,Premium,C3,6
628,494,Pro,C3,6
629,495,Basic,z5,5
630,496,Basic,Z4,5
631,496,Premium,Z4,5
632,497,Premium,a1,4
633,498,Basic,I5,2
634,499,Basic,p2,0
635,500,,v4,10
636,501,Basic,H3,3
637,502,Basic,F4,7
638,503,Basic,W1,8
639,503,Pro,W1,8
640,504,Basic,A5,4
641,505,Basic,t1,4
642,505,Premium,t1,4
643,506,Basic,Z1,4
644,507,Basic,I3,6
645,508,Basic,j4,3
646,509,Basic,P1,6
647,509,Premium,P1,6
648,510,Basic,n3,1
649,511,,u2,0
650,512,Basic,J3,5
651,512,Pro,J3,5
652,513,Basic,l2,10
653,514,Basic,M2,0
654,514,Premium,M2,0
655,515,,u5,3
656,516,Pro,U3,4
657,517,,G5,7
658,518,,K1,1
659,519,Basic,a4,9
660,519,Premium,a4,9
661,519,Pro,a4,9
662,520,Premium,e1,10
663,521,Basic,J4,9
664,522,Basic,L2,2
665,522,Premium,L2,2
666,523,Premium,O3,5
667,524,Basic,x4,2
668,525,Basic,D1,1
669,526,Basic,X2,0
670,526,Premium,X2,0
671,527,Basic,f1,2
672,528,Basic,U4,8
673,529,Basic,E1,0
674,530,Basic,O3,1
675,530,Pro,O3,1
676,531,Premium,f2,4
677,532,Basic,Y1,0
678,532,Premium,Y1,0
679,533,,b5,6
680,534,Basic,T1,3
681,535,Basic,P2,6
682,536,Basic,r3,3
683,537,Premium,K4,2
684,538,,I4,1
685,539,Premium,W5,4
686,540,Basic,q2,8
687,540,Premium,q2,8
688,541,Basic,n2,0
689,541,Premium,n2,0
690,542,Basic,D2,2
691,542,Pro,D2,2
692,543,,s4,4
693,544,,H5,1
694,545,,x3,7
695,546,,H1,0
696,547,Premium,O1,3
697,548,,u2,8
698,549,Basic,I1,2
699,549,Pro,I1,2
700,550,Basic,G5,0
701,551,Basic,X3,1
702,552,Basic,w5,9
703,553,Basic,H4,1
704,554,Basic,Z5,10
705,554,Premium,Z5,10
706,555,Basic,X4,6
707,555,Premium,X4,6
708,556,Basic,c4,4
709,556,Premium,c4,4
710,557,Basic,n5,10
711,558,Basic,u2,4
712,559,,E4,3
713,560,Basic,E1,7
714,561,Basic,N2,9
715,562,Premium,R4,9
716,563,Basic,N1,5
717,564,,V5,2
718,565,Basic,n4,2
719,565,Pro,n4,2
720,566,,e4,5
721,567,,q3,5
722,568,,O1,10
723,569,Basic,Z4,10
724,570,,Z1,10
725,571,Basic,N4,2
726,572,,n1,8
727,573,Basic,i5,3
728,573,Pro,i5,3
729,574,Basic,E3,3
730,575,Basic,I3,10
731,576,Basic,R4,2
732,576,Premium,R4,2
733,577,Basic,S1,7
734,577,Premium,S1,7
735,578,Basic,M5,2
736,578,Premium,M5,2
737,579,Basic,p1,5
738,579,Premium,p1,5
739,580,Basic,p5,1
740,581,Basic,o1,5
741,582,Basic,P4,0
742,583,Premium,j2,4
743,584,Basic,e5,10
744,585,Basic,h2,7
745,586,,R5,0
746,587,Basic,c2,6
747,588,,f2,4
748,589,Basic,f3,2
749,589,Premium,f3,2
750,590,Basic,S3,3
751,590,Pro,S3,3
752,591,Basic,H2,1
753,592,Basic,p4,6
754,593,Basic,D3,5
755,594,Basic,w1,3
756,595,Basic,E1,9
757,595,Premium,E1,9
758,596,,J2,10
759,597,,F5,10
760,598,Basic,L1,5
761,599,Basic,c1,10
762,599,Premium,c1,10
763,600,Basic,n1,2
764,600,Premium,n1,2
765,601,Basic,q1,9
766,601,Premium,q1,9
767,602,Basic,C4,5
768,602,Pro,C4,5
769,603,,C2,2
770,604,,c5,5
771,605,,c3,4
772,606,Basic,b3,10
773,606,Premium,b3,10
774,607,Basic,i4,2
775,608,Basic,V5,8
776,609,Basic,c1,9
777,609,Premium,c1,9
778,610,Basic,V2,3
779,610,Premium,V2,3
780,611,,Z4,4
781,612,Premium,o2,10
782,612,Pro,o2,10
783,613,Basic,R5,10
784,613,Premium,R5,10
785,614,Basic,H1,6
786,614,Pro,H1,6
787,615,Basic,d1,5
788,616,,h4,7
789,617,Basic,P2,4
790,618,Basic,p4,2
791,619,Basic,e5,7
792,620,Basic,M2,5
793,621,Basic,S2,6
794,622,Basic,B3,2
795,622,Premium,B3,2
796,623,Basic,Q1,0
797,624,Basic,g1,1
798,624,Premium,g1,1
799,625,Basic,c2,4
800,625,Premium,c2,4
801,626,,q3,4
802,627,,z5,8
803,628,Premium,o2,9
804,629,Basic,S4,2
805,629,Pro,S4,2
806,630,,Y2,8
807,631,Basic,R4,4
808,632,Basic,M2,10
809,633,,c5,8
810,634,Pro,C3,7
811,635,Basic,W5,0
812,635,Premium,W5,0
813,636,Basic,c4,3
814,637,Basic,r4,7
815,638,Premium,t3,2
816,639,Basic,h1,0
817,640,Basic,P2,7
818,641,,N2,5
819,642,,F1,10
820,643,Basic,o3,10
821,644,,P1,5
822,645,Basic,J4,6
823,645,Pro,J4,6
824,646,Basic,K2,1
825,647,,B1,9
826,648,Basic,V3,6
827,649,,r4,3
828,650,Premium,h2,6
829,651,,w5,1
830,652,Premium,F3,5
831,653,Basic,b2,1
832,653,Premium,b2,1
833,653,Pro,b2,1
834,654,Basic,l4,10
835,654,Premium,l4,10
836,655,,R3,10
837,656,,S2,2
838,657,Basic,n3,8
839,658,,Q5,3
840,659,,h3,10
841,660,,q1,1
842,661,,A1,8
843,662,,N3,0
844,663,Basic,X2,7
845,664,Pro,Z2,4
846,665,Basic,w5,3
847,666,,S2,5
848,667,Basic,R2,4
849,667,Premium,R2,4
850,668,Basic,w5,5
851,669,,G2,5
852,670,Basic,U4,5
853,671,,c4,5
854,672,Basic,o4,7
855,672,Pro,o4,7
856,673,Premium,g3,2
857,674,Basic,f5,6
858,674,Pro,f5,6
859,675,,s4,7
860,676,Basic,W2,4
861,676,Premium,W2,4
862,676,Pro,W2,4
863,677,Basic,w3,7
864,677,Premium,w3,7
865,678,Basic,d5,10
866,679,Basic,Y5,7
867,679,Premium,Y5,7
868,680,Basic,K1,3
869,681,,e1,7
870,682,Basic,O3,7
871,682,Premium,O3,7
872,683,,K1,9
873,684,,L5,1
874,685,Basic,f2,6
875,685,Premium,f2,6
876,686,Basic,u2,4
877,686,Pro,u2,4
878,687,Basic,n3,1
879,688,Basic,R3,9
880,689,,u1,0
881,690,Premium,r3,0
882,691,,T5,0
883,692,Basic,E4,6
884,693,Basic,U5,4
885,694,Basic,i5,5
886,694,Pro,i5,5
887,695,,V1,9
888,696,Basic,X4,7
889,697,,U3,3
890,698,Pro,d3,7
891,699,Basic,L4,8
892,700,Basic,H4,10
893,700,Pro,H4,10
894,701,Basic,D2,2
895,702,Basic,Z4,10
896,703,Premium,P3,7
897,704,Basic,d2,0
898,705,Basic,f4,9
899,706,Basic,O2,3
900,706,Premium,O2,3
901,707,Basic,V3,2
902,708,Basic,O1,5
903,708,Premium,O1,5
904,709,Basic,i1,8
905,709,Premium,i1,8
906,709,Pro,i1,8
907,710,Basic,Z1,7
908,711,Basic,X4,2
909,712,Basic,C2,10
910,713,Basic,v1,7
911,713,Premium,v1,7
912,714,Basic,o2,4
913,715,,P3,3
914,716,Basic,R2,7
915,717,Basic,D1,6
916,718,,e5,7
917,719,Basic,O5,6
918,719,Premium,O5,6
919,720,Basic,R2,2
920,721,Basic,o4,3
921,722,Basic,K3,4
922,722,Pro,K3,4
923,723,,B3,4
924,724,Basic,H2,3
925,725,Basic,B3,5
926,725,Premium,B3,5
927,726,,i4,7
928,727,Basic,r4,2
929,727,Pro,r4,2
930,728,Basic,Z4,2
931,729,Premium,X1,9
932,730,,p5,9
933,731,Basic,y4,5
934,732,Basic,Z3,5
935,732,Premium,Z3,5
936,733,Basic,u3,8
937,734,Premium,W5,7
938,734,Pro,W5,7
939,735,,p2,10
940,736,Basic,Z1,9
941,736,Premium,Z1,9
942,737,,B4,3
943,738,Basic,l2,6
944,739,Basic,C3,4
945,740,Basic,r4,8
946,741,,H4,10
947,742,Basic,r1,4
948,743,Basic,K1,9
949,744,Basic,c2,8
950,745,Basic,e3,4
951,746,Basic,M3,10
952,747,,h4,7
953,748,Basic,Q4,3
954,749,Basic,y3,9
955,750,Basic,H1,3
956,750,Pro,H1,3
957,751,Basic,l1,8
958,752,,N4,0
959,753,Basic,F4,4
960,754,Basic,T1,10
961,755,Basic,I4,8
962,756,Premium,b3,0
963,757,Basic,m3,4
964,757,Premium,m3,4
965,758,,f4,1
966,759,Basic,l2,8
967,760,Basic,a4,0
968,761,Basic,i3,2
969,761,Pro,i3,2
970,762,Basic,d4,10
971,763,,R1,9
972,764,Premium,e5,0
973,764,Pro,e5,0
974,765,Basic,O5,3
975,765,Premium,O5,3
976,766,Basic,B3,1
977,767,Basic,C4,10
978,768,Premium,Z2,10
979,769,Premium,y4,2
980,770,,m1,9
981,771,Basic,d4,4
982,772,Basic,p5,6
983,772,Premium,p5,6
984,773,Premium,v3,0
985,774,Basic,i5,6
986,775,Basic,N2,9
987,776,,e5,7
988,777,,F2,10
989,778,Basic,C1,1
990,779,Basic,H3,8
991,780,Basic,t1,9
992,781,Premium,t5,6
993,782,Basic,U3,3
994,782,Premium,U3,3
995,783,Basic,r5,2
996,783,Premium,r5,2
997,783,Pro,r5,2
998,784,Basic,z1,7
999,784,Premium,z1,7
1000,785,Basic,R2,7
1001,785,Pro,R2,7
1002,786,Basic,b1,6
1003,787,Premium,y2,3
1004,788,Basic,y1,7
1005,788,Premium,y1,7
1006,789,,y5,9
1007,790,Basic,L2,8
1008,791,Basic,a2,5
1009,792,Basic,T4,6
1010,792,Premium,T4,6
1011,793,Basic,m4,4
1012,793,Premium,m4,4
1013,794,Basic,L2,4
1014,795,Premium,m3,1
1015,796,Pro,x1,5
1016,797,Basic,J4,10
1017,797,Premium,J4,10
1018,798,Basic,x5,0
1019,798,Premium,x5,0
1020,799,,w1,7
1021,800,,i5,8
1022,801,Basic,G1,3
1023,802,Pro,i5,0
1024,803,Basic,k1,5
1025,804,,r5,7
1026,805,Basic,y5,1
1027,805,Pro,y5,1
1028,806,Basic,o4,2
1029,806,Premium,o4,2
1030,807,,L5,0
1031,808,Basic,f2,2
1032,809,Basic,d5,1
1033,810,Basic,N5,9
1034,811,,W3,5
1035,812,Basic,I3,0
1036,812,Premium,I3,0
1037,813,Premium,H2,1
1038,814,Basic,Y3,0
1039,815,Basic,Y1,7
1040,816,Basic,y1,4
1041,817,Basic,s3,6
1042,818,Basic,r3,6
1043,819,Basic,z1,1
1044,820,Premium,t3,0
1045,821,,t5,1
1046,822,Basic,p1,10
1047,823,Basic,k3,5
1048,824,Basic,G1,2
1049,825,,U4,9
1050,826,,X5,2
1051,827,Basic,y4,1
1052,828,Basic,t1,4
1053,829,,R1,3
1054,830,,R5,8
1055,831,Basic,f4,9
1056,831,Pro,f4,9
1057,832,Basic,J2,4
1058,832,Premium,J2,4
1059,833,,e4,7
1060,834,Basic,U5,7
1061,834,Premium,U5,7
1062,835,,m1,5
1063,836,,W3,2
1064,837,Pro,F3,1
1065,838,,y4,6
1066,839,Pro,m1,5
1067,840,Basic,m5,6
1068,841,Basic,f1,7
1069,842,Premium,f2,1
1070,843,Basic,k5,2
1071,844,,I2,2
1072,845,,t2,1
1073,846,Basic,I4,3
1074,847,Basic,l4,7
1075,847,Premium,l4,7
1076,848,Basic,C2,10
1077,848,Premium,C2,10
1078,848,Pro,C2,10
1079,849,Basic,e1,6
1080,850,Basic,R1,4
1081,851,Premium,g1,0
1082,852,Basic,e5,10
1083,853,,N1,4
1084,854,Basic,y2,6
1085,854,Premium,y2,6
1086,854,Pro,y2,6
1087,855,Basic,F1,8
1088,856,,i4,7
1089,857,Basic,i4,5
1090,857,Pro,i4,5
1091,858,Basic,s4,4
1092,859,Basic,s3,10
1093,860,Basic,x1,4
1094,861,,e1,8
1095,862,Basic,A2,6
1096,863,,w5,10
1097,864,Basic,r3,3
1098,865,Basic,k3,8
1099,866,Pro,B5,0
1100,867,Basic,g1,3
1101,868,Basic,r1,3
1102,868,Pro,r1,3
1103,869,Basic,J2,2
1104,870,Basic,N2,7
1105,870,Premium,N2,7
1106,871,Basic,c3,7
1107,872,Basic,R3,10
1108,873,Premium,m3,3
1109,874,Basic,K2,9
1110,875,Premium,L5,4
1111,876,Pro,m4,7
1112,877,Basic,Z4,4
1113,878,Basic,k2,8
1114,878,Premium,k2,8
1115,879,Basic,Z3,8
1116,880,,w5,3
1117,881,Pro,n1,2
1118,882,,j1,3
1119,883,Basic,Q3,8
1120,884,Basic,K5,5
1121,884,Premium,K5,5
1122,885,Basic,J3,9
1123,885,Premium,J3,9
1124,885,Pro,J3,9
1125,886,Basic,V3,5
1126,887,Basic,O1,1
1127,888,,p5,9
1128,889,,J1,3
1129,890,Basic,i4,10
1130,891,Pro,V2,9
1131,892,Basic,R3,5
1132,893,Basic,y2,0
1133,894,Basic,E4,8
1134,895,Basic,x5,0
1135,895,Premium,x5,0
1136,896,Basic,t1,4
1137,897,Basic,Z5,10
1138,898,,x1,9
1139,899,Basic,F2,2
1140,900,Premium,W1,9
1141,901,Premium,T4,8
1142,902,Basic,I2,0
1143,903,Basic,J2,2
1144,903,Premium,J2,2
1145,904,Basic,i1,0
1146,905,Basic,D3,0
1147,906,Basic,F2,8
1148,906,Premium,F2,8
1149,907,Basic,j3,1
1150,908,Basic,Y1,7
1151,909,Basic,h2,7
1152,909,Premium,h2,7
1153,910,Basic,L1,6
1154,911,Basic,B2,5
1155,912,Basic,i1,9
1156,912,Premium,i1,9
1157,913,Premium,I4,9
1158,914,Basic,n5,9
1159,915,Basic,g4,7
1160,915,Premium,g4,7
1161,916,Basic,r1,4
1162,917,,M4,0
1163,918,Basic,a4,7
1164,918,Premium,a4,7
1165,919,Premium,u4,10
1166,920,Basic,v4,5
1167,920,Premium,v4,5
1168,921,,V3,3
1169,922,Basic,z3,10
1170,923,Basic,T5,9
1171,924,Premium,J1,8
1172,925,Basic,l4,9
1173,925,Premium,l4,9
1174,926,Basic,v4,0
1175,927,Basic,e3,9
1176,928,Basic,X3,4
1177,928,Premium,X3,4
1178,929,Basic,b5,3
1179,930,Premium,R3,9
1180,931,Basic,U5,7
1181,932,Premium,j2,5
1182,933,,J5,10
1183,934,Basic,l5,4
1184,935,Basic,s5,2
1185,935,Premium,s5,2
1186,936,,C3,8
1187,937,Basic,N5,1
1188,937,Pro,N5,1
1189,938,Premium,r1,2
1190,939,Basic,d4,10
1191,939,Pro,d4,10
1192,940,,o2,5
1193,941,Basic,Y5,8
1194,942,Basic,g5,1
1195,943,Basic,j5,7
1196,944,Basic,A5,0
1197,945,,E3,7
1198,946,Basic,r5,7
1199,947,Basic,r2,0
1200,948,,p5,2
1201,949,Basic,j3,6
1202,950,Pro,a5,1
1203,951,Premium,r3,5
1204,952,Basic,L3,2
1205,953,Basic,N1,4
1206,954,Basic,c3,7
1207,955,,m2,4
1208,956,,F4,10
1209,957,Premium,H4,8
1210,958,,x3,1
1211,959,Basic,T2,5
1212,960,Basic,s4,6
1213,961,,L5,0
1214,962,Basic,E5,10
1215,962,Premium,E5,10
1216,963,Pro,N5,6
1217,964,Basic,H2,10
1218,964,Pro,H2,10
1219,965,,X4,10
1220,966,,N2,7
1221,967,Premium,g2,8
1222,968,Premium,j4,7
1223,969,Basic,x1,5
1224,969,Pro,x1,5
1225,970,Basic,V4,2
1226,970,Premium,V4,2
1227,971,Premium,q5,6
1228,972,,Q2,9
1229,973,Premium,O5,4
1230,974,Basic,w4,1
1231,974,Pro,w4,1
1232,975,Basic,H2,7
1233,976,Pro,Y5,3
1234,977,,W2,8
1235,978,,D2,4
1236,979,,o5,9
1237,980,Basic,m1,3
1238,981,Premium,Z3,2
1239,982,Basic,p4,2
1240,982,Premium,p4,2
1241,983,Basic,O2,4
1242,984,Basic,y5,6
1243,985,Basic,V4,0
1244,986,,Z4,10
1245,987,Basic,U2,8
1246,988,,h5,6
1247,989,Basic,O5,5
1248,990,,I5,9
1249,991,Basic,X1,10
1250,992,Basic,P3,1
1251,992,Premium,P3,1
1252,993,Basic,A1,0
1253,994,,R1,9
1254,995,Basic,e5,3
1255,996,Basic,j5,8
1256,996,Premium,j5,8
1257,997,Basic,L4,5
1258,997,Premium,L4,5
1259,998,Basic,W4,3
1260,998,Premium,W4,3
1261,999,Premium,g5,6
1262,1000,Premium,c5,1
